{
    "MlibObjs": {},
    "stat": {
        "ru_self_cgstart": {
            "ru_nvcsw": 158,
            "ru_utime_sec": 0.051069000000000003,
            "ru_majflt": 0,
            "ru_stime_sec": 0.040469999999999999,
            "ru_maxrss_kb": 50688,
            "ru_minflt": 13375,
            "ru_nivcsw": 6
        },
        "ru_childs_cgstart": {
            "ru_nvcsw": 6,
            "ru_utime_sec": 0.00098999999999999999,
            "ru_majflt": 0,
            "ru_stime_sec": 0.013422999999999999,
            "ru_maxrss_kb": 13588,
            "ru_minflt": 2215,
            "ru_nivcsw": 8
        },
        "ru_self_end": {
            "ru_nvcsw": 216,
            "ru_utime_sec": 0.068734000000000003,
            "ru_majflt": 0,
            "ru_stime_sec": 0.049371999999999999,
            "ru_maxrss_kb": 58556,
            "ru_minflt": 15254,
            "ru_nivcsw": 8
        },
        "outputSizePerQuad": 213.0,
        "nMops": 1695,
        "CodeGen(%)": 25.700526668024558,
        "nQuads": 626,
        "mop/quad": 2.7076677316293929,
        "totalObjSize": 133765,
        "ru_childs_end": {
            "ru_nvcsw": 6,
            "ru_utime_sec": 0.00098999999999999999,
            "ru_majflt": 0,
            "ru_stime_sec": 0.013422999999999999,
            "ru_maxrss_kb": 13588,
            "ru_minflt": 2215,
            "ru_nivcsw": 8
        },
        "mopSpeed": 95952.448344183416,
        "quadSpeed": 35437.305406170395,
        "Frontend(%)": 74.299473331975449
    },
    "PrevCompiledModules": {
        "combShifter_tb": {
            "TrYjP_d": {
                "out": "TrYjP_d.o",
                "bytes": 35251,
                "mod": "combShifter_tb",
                "mode": 4,
                "checksum": 4294967295,
                "archive": "archive.24/_22544_archive_1.a"
            }
        },
        "std": {
            "reYIK_d": {
                "out": "reYIK_d.o",
                "bytes": 34979,
                "mod": "std",
                "mode": 4,
                "checksum": 4294967295,
                "archive": "archive.24/_prev_archive_1.a"
            }
        },
        "...MASTER...": {
            "amcQw_d": {
                "out": "objs/amcQw_d.o",
                "bytes": 7460,
                "mod": "...MASTER...",
                "mode": 4,
                "checksum": 4294967295
            }
        }
    },
    "SIMBData": {
        "bytes": 91054,
        "out": "amcQwB.o"
    },
    "NameTable": {
        "std": [
            "std",
            "reYIK",
            "module"
        ],
        "combShifter_tb": [
            "combShifter_tb",
            "TrYjP",
            "module"
        ],
        "...MASTER...": [
            "SIM",
            "amcQw",
            "module"
        ]
    },
    "CurCompileModules": [
        "...MASTER...",
        "combShifter_tb"
    ],
    "CurCompileUdps": {},
    "Misc": {
        "daidir_abs": "/afs/andrew.cmu.edu/usr13/aeega/private/18743/743_final_proj/simv.daidir",
        "cwd": "/afs/andrew.cmu.edu/usr13/aeega/private/18743/743_final_proj",
        "daidir": "simv.daidir",
        "csrc": "csrc",
        "csrc_abs": "/afs/andrew.cmu.edu/usr13/aeega/private/18743/743_final_proj/csrc",
        "archive_dir": "archive.24",
        "default_output_dir": "csrc"
    },
    "CompileStrategy": "fullobj",
    "CompileProcesses": [
        "cgproc.22544.json"
    ],
    "LVLData": [
        "SIM"
    ],
    "PEModules": [],
    "CompileStatus": "Successful"
}